ta_number,drug_name,title,published_date,recommendation,guidance_url
96,adefovir dipivoxil,Adefovir dipivoxil and peginterferon alfa-2a for the treatment of chronic hepatitis B,22 February 2006,,https://www.nice.org.uk/guidance/ta96
231,agomelatine,Agomelatine for the treatment of major depressive episodes (terminated appraisal),27 July 2011,,https://www.nice.org.uk/guidance/ta231
177,alitretinoin,Alitretinoin for the treatment of severe chronic hand eczema,26 August 2009,,https://www.nice.org.uk/guidance/ta177
122,alteplase,Alteplase for the treatment of acute ischaemic stroke,27 June 2007,,https://www.nice.org.uk/guidance/ta122
264,alteplase,Alteplase for treating acute ischaemic stroke,26 September 2012,,https://www.nice.org.uk/guidance/ta264
168,"amantadine, oseltamivir","Amantadine, oseltamivir and zanamivir for the treatment of influenza",25 February 2009,,https://www.nice.org.uk/guidance/ta168
697,andexanet alfa,Andexanet alfa for reversing anticoagulation from apixaban or rivaroxaban,12 May 2021,,https://www.nice.org.uk/guidance/ta697
859,angiotensin ii,Angiotensin II for treating vasosuppressor-resistant hypotension caused by septic or distributive shock (terminated appraisal),16 January 2023,,https://www.nice.org.uk/guidance/ta859
16,autologous cartilage transplantation,Autologous cartilage transplantation for full thickness cartilage defects in knee joints,16 December 2000,,https://www.nice.org.uk/guidance/ta16
477,autologous chondrocyte implantation,Autologous chondrocyte implantation for treating symptomatic articular cartilage defects of the knee,04 October 2017,,https://www.nice.org.uk/guidance/ta477
508,autologous chondrocyte implantation using chondrosphere,Autologous chondrocyte implantation using chondrosphere for treating symptomatic articular cartilage defects of the knee,07 March 2018,,https://www.nice.org.uk/guidance/ta508
730,avapritinib,Avapritinib for treating unresectable or metastatic gastrointestinal stromal tumours (terminated appraisal),29 September 2021,,https://www.nice.org.uk/guidance/ta730
559,axicabtagene ciloleucel,Axicabtagene ciloleucel for treating diffuse large B-cell lymphoma and primary mediastinal large B-cell lymphoma after 2 or more systemic therapies,23 January 2019,,https://www.nice.org.uk/guidance/ta559
872,axicabtagene ciloleucel,Axicabtagene ciloleucel for treating diffuse large B-cell lymphoma and primary mediastinal large B-cell lymphoma after 2 or more systemic therapies,28 February 2023,,https://www.nice.org.uk/guidance/ta872
894,axicabtagene ciloleucel,Axicabtagene ciloleucel for treating relapsed or refractory follicular lymphoma,07 June 2023,,https://www.nice.org.uk/guidance/ta894
895,axicabtagene ciloleucel,Axicabtagene ciloleucel for treating relapsed or refractory diffuse large B-cell lymphoma after first-line chemoimmunotherapy,07 June 2023,,https://www.nice.org.uk/guidance/ta895
732,baloxavir marboxil,Baloxavir marboxil for treating acute uncomplicated influenza (terminated appraisal),06 October 2021,,https://www.nice.org.uk/guidance/ta732
949,belumosudil,Belumosudil for treating chronic graft-versus-host disease after 2 or more systemic treatments in people 12 years and over,07 February 2024,,https://www.nice.org.uk/guidance/ta949
738,berotralstat,Berotralstat for preventing recurrent attacks of hereditary angioedema,20 October 2021,,https://www.nice.org.uk/guidance/ta738
32,beta interferon,Beta interferon and glatiramer acetate for the treatment of multiple sclerosis,23 January 2002,,https://www.nice.org.uk/guidance/ta32
527,beta interferons,Beta interferons and glatiramer acetate for treating multiple sclerosis,27 June 2018,,https://www.nice.org.uk/guidance/ta527
464,bisphosphonates,Bisphosphonates for treating osteoporosis,09 August 2017,,https://www.nice.org.uk/guidance/ta464
230,bivalirudin,Bivalirudin for the treatment of ST-segment-elevation myocardial infarction,27 July 2011,,https://www.nice.org.uk/guidance/ta230
253,boceprevir,Boceprevir for the treatment of genotype 1 chronic hepatitis C,25 April 2012,,https://www.nice.org.uk/guidance/ta253
299,bosutinib,Bosutinib for previously treated chronic myeloid leukaemia,27 November 2013,,https://www.nice.org.uk/guidance/ta299
401,bosutinib,Bosutinib for previously treated chronic myeloid leukaemia,24 August 2016,,https://www.nice.org.uk/guidance/ta401
576,bosutinib,Bosutinib for untreated chronic myeloid leukaemia (terminated appraisal),17 April 2019,,https://www.nice.org.uk/guidance/ta576
677,brexucabtagene autoleucel,Brexucabtagene autoleucel for treating relapsed or refractory mantle cell lymphoma,24 February 2021,,https://www.nice.org.uk/guidance/ta677
893,brexucabtagene autoleucel,Brexucabtagene autoleucel for treating relapsed or refractory B-cell acute lymphoblastic leukaemia in people 26 years and over,07 June 2023,,https://www.nice.org.uk/guidance/ta893
511,brodalumab,Brodalumab for treating moderate to severe plaque psoriasis,21 March 2018,,https://www.nice.org.uk/guidance/ta511
351,cangrelor,Cangrelor for reducing atherothrombotic events in people undergoing percutaneous coronary intervention or awaiting surgery requiring interruption of anti‑platelet therapy (terminated appraisal),22 July 2015,,https://www.nice.org.uk/guidance/ta351
100,capecitabine,Capecitabine and oxaliplatin in the adjuvant treatment of stage 3 (Dukes' C) colon cancer,26 April 2006,,https://www.nice.org.uk/guidance/ta100
191,capecitabine,Capecitabine for the treatment of advanced gastric cancer,28 July 2010,,https://www.nice.org.uk/guidance/ta191
884,capmatinib,Capmatinib for treating advanced non-small-cell lung cancer with MET exon 14 skipping (terminated appraisal),03 May 2023,,https://www.nice.org.uk/guidance/ta884
120,cardiac resynchronisation therapy,Cardiac resynchronisation therapy for the treatment of heart failure,23 May 2007,,https://www.nice.org.uk/guidance/ta120
121,carmustine implants,Carmustine implants and temozolomide for the treatment of newly diagnosed high-grade glioma,27 June 2007,,https://www.nice.org.uk/guidance/ta121
149,carmustine implants,Carmustine implants for the treatment of recurrent glioblastoma multiforme (terminated appraisal),25 June 2008,,https://www.nice.org.uk/guidance/ta149
532,cenegermin,Cenegermin for treating neurotrophic keratitis,18 July 2018,,https://www.nice.org.uk/guidance/ta532
753,cenobamate,Cenobamate for treating focal onset seizures in epilepsy,15 December 2021,,https://www.nice.org.uk/guidance/ta753
720,chlormethine gel,Chlormethine gel for treating mycosis fungoides-type cutaneous T-cell lymphoma,18 August 2021,,https://www.nice.org.uk/guidance/ta720
223,"cilostazol, naftidrofuryl oxalate, pentoxifylline","Cilostazol, naftidrofuryl oxalate, pentoxifylline and inositol nicotinate for the treatment of intermittent claudication in people with peripheral arterial disease",25 May 2011,,https://www.nice.org.uk/guidance/ta223
889,ciltacabtagene autoleucel,Ciltacabtagene autoleucel for treating relapsed or refractory multiple myeloma (terminated appraisal),17 May 2023,,https://www.nice.org.uk/guidance/ta889
912,cipaglucosidase alfa with miglustat,Cipaglucosidase alfa with miglustat for treating late-onset Pompe disease,15 August 2023,,https://www.nice.org.uk/guidance/ta912
90,clopidogrel,Clopidogrel and modified-release dipyridamole in the prevention of occlusive vascular events,25 May 2005,,https://www.nice.org.uk/guidance/ta90
210,clopidogrel,Clopidogrel and modified-release dipyridamole for the prevention of occlusive vascular events,15 December 2010,,https://www.nice.org.uk/guidance/ta210
80,clopidogrel in the treatment of non-st-segment-elevation acute coronary syndrome,Clopidogrel in the treatment of non-ST-segment-elevation acute coronary syndrome,28 July 2004,,https://www.nice.org.uk/guidance/ta80
166,cochlear implants,Cochlear implants for children and adults with severe to profound deafness,28 January 2009,,https://www.nice.org.uk/guidance/ta166
566,cochlear implants,Cochlear implants for children and adults with severe to profound deafness,07 March 2019,,https://www.nice.org.uk/guidance/ta566
276,colistimethate sodium,Colistimethate sodium and tobramycin dry powders for inhalation for treating pseudomonas lung infection in cystic fibrosis,27 March 2013,,https://www.nice.org.uk/guidance/ta276
97,computerised cognitive behaviour therapy,Computerised cognitive behaviour therapy for depression and anxiety,22 February 2006,,https://www.nice.org.uk/guidance/ta97
51,computerised cognitive behaviour therapy (ccbt),Computerised cognitive behaviour therapy (CCBT) for the treatment of depression and anxiety,24 October 2002,,https://www.nice.org.uk/guidance/ta51
139,continuous positive airway pressure,Continuous positive airway pressure for the treatment of obstructive sleep apnoea/hypopnoea syndrome,26 March 2008,,https://www.nice.org.uk/guidance/ta139
27,cox-ii inhibitors,Cox-II inhibitors for the treatment of osteoarthritis and rheumatoid arthritis,23 July 2001,,https://www.nice.org.uk/guidance/ta27
743,crizanlizumab,Crizanlizumab for preventing sickle cell crises in sickle cell disease,03 November 2021,,https://www.nice.org.uk/guidance/ta743
595,dacomitinib,Dacomitinib for untreated EGFR mutation-positive non-small-cell lung cancer,14 August 2019,,https://www.nice.org.uk/guidance/ta595
922,daridorexant,Daridorexant for treating long-term insomnia,18 October 2023,,https://www.nice.org.uk/guidance/ta922
556,darvadstrocel,Darvadstrocel for treating complex perianal fistulas in Crohn’s disease,09 January 2019,,https://www.nice.org.uk/guidance/ta556
932,decitabine–cedazuridine,Decitabine–cedazuridine for untreated acute myeloid leukaemia when intensive chemotherapy is unsuitable (terminated appraisal),23 November 2023,,https://www.nice.org.uk/guidance/ta932
21,diabetes (type 2) - pioglitazone,Diabetes (type 2) - pioglitazone,27 March 2001,,https://www.nice.org.uk/guidance/ta21
9,diabetes (type 2) - rosiglitazone,Diabetes (type 2) - rosiglitazone,23 August 2000,,https://www.nice.org.uk/guidance/ta9
538,dinutuximab beta,Dinutuximab beta for treating neuroblastoma,22 August 2018,,https://www.nice.org.uk/guidance/ta538
197,dronedarone,Dronedarone for the treatment of non-permanent atrial fibrillation,25 August 2010,,https://www.nice.org.uk/guidance/ta197
84,drotrecogin alfa (activated),Drotrecogin alfa (activated) for severe sepsis,22 September 2004,,https://www.nice.org.uk/guidance/ta84
152,drug-eluting stents,Drug-eluting stents for the treatment of coronary artery disease,23 July 2008,,https://www.nice.org.uk/guidance/ta152
88,dual‑chamber pacemakers,Dual‑chamber pacemakers for symptomatic bradycardia due to sick sinus syndrome and/or atrioventricular block,23 February 2005,,https://www.nice.org.uk/guidance/ta88
324,dual‑chamber pacemakers,Dual‑chamber pacemakers for symptomatic bradycardia due to sick sinus syndrome without atrioventricular block,26 November 2014,,https://www.nice.org.uk/guidance/ta324
717,duvelisib,Duvelisib for treating relapsed follicular lymphoma after 2 or more systemic therapies (terminated appraisal),21 July 2021,,https://www.nice.org.uk/guidance/ta717
811,duvelisib,Duvelisib for treating relapsed or refractory chronic lymphocytic leukaemia after 2 or more treatments (terminated appraisal),27 July 2022,,https://www.nice.org.uk/guidance/ta811
354,edoxaban,Edoxaban for treating and for preventing deep vein thrombosis and pulmonary embolism,26 August 2015,,https://www.nice.org.uk/guidance/ta354
355,edoxaban,Edoxaban for preventing stroke and systemic embolism in people with non-valvular atrial fibrillation,23 September 2015,,https://www.nice.org.uk/guidance/ta355
413,elbasvir–grazoprevir,Elbasvir–grazoprevir for treating chronic hepatitis C,26 October 2016,,https://www.nice.org.uk/guidance/ta413
471,eluxadoline,Eluxadoline for treating irritable bowel syndrome with diarrhoea,30 August 2017,,https://www.nice.org.uk/guidance/ta471
167,endovascular stent–grafts,Endovascular stent–grafts for the treatment of abdominal aortic aneurysms,25 February 2009,,https://www.nice.org.uk/guidance/ta167
153,entecavir,Entecavir for the treatment of chronic hepatitis B,27 August 2008,,https://www.nice.org.uk/guidance/ta153
142,"epoetin alfa, epoetin beta","Epoetin alfa, epoetin beta and darbepoetin alfa for cancer treatment-induced anaemia",28 May 2008,,https://www.nice.org.uk/guidance/ta142
323,erythropoiesis‑stimulating agents (epoetin,Erythropoiesis‑stimulating agents (epoetin and darbepoetin) for treating anaemia in people with cancer having chemotherapy,26 November 2014,,https://www.nice.org.uk/guidance/ta323
448,etelcalcetide,Etelcalcetide for treating secondary hyperparathyroidism,28 June 2017,,https://www.nice.org.uk/guidance/ta448
676,filgotinib,Filgotinib for treating moderate to severe rheumatoid arthritis,24 February 2021,,https://www.nice.org.uk/guidance/ta676
792,filgotinib,Filgotinib for treating moderately to severely active ulcerative colitis,01 June 2022,,https://www.nice.org.uk/guidance/ta792
58,"flu treatment - zanamivir, amantadine","Flu treatment - zanamivir, amantadine and oseltamivir",26 February 2003,,https://www.nice.org.uk/guidance/ta58
119,fludarabine monotherapy,Fludarabine monotherapy for the first-line treatment of chronic lymphocytic leukaemia,28 February 2007,,https://www.nice.org.uk/guidance/ta119
78,fluid-filled thermal balloon,Fluid-filled thermal balloon and microwave endometrial ablation techniques for heavy menstrual bleeding,28 April 2004,,https://www.nice.org.uk/guidance/ta78
934,foslevodopa–foscarbidopa,Foslevodopa–foscarbidopa for treating advanced Parkinson’s with motor symptoms,29 November 2023,,https://www.nice.org.uk/guidance/ta934
759,fostamatinib,Fostamatinib for treating refractory chronic immune thrombocytopenia,07 January 2022,,https://www.nice.org.uk/guidance/ta759
835,fostamatinib,Fostamatinib for treating refractory chronic immune thrombocytopenia,19 October 2022,,https://www.nice.org.uk/guidance/ta835
81,frequency of application of topical corticosteroids,Frequency of application of topical corticosteroids for atopic eczema,25 August 2004,,https://www.nice.org.uk/guidance/ta81
969,gefapixant,Gefapixant for treating refractory or unexplained chronic cough (terminated appraisal),30 April 2024,,https://www.nice.org.uk/guidance/ta969
646,glasdegib with chemotherapy,Glasdegib with chemotherapy for untreated acute myeloid leukaemia (terminated appraisal),02 September 2020,,https://www.nice.org.uk/guidance/ta646
499,glecaprevir–pibrentasvir,Glecaprevir–pibrentasvir for treating chronic hepatitis C,24 January 2018,,https://www.nice.org.uk/guidance/ta499
63,glitazones in the treatment of type 2 diabetes,Glitazones in the treatment of type 2 diabetes,27 August 2003,,https://www.nice.org.uk/guidance/ta63
12,glycoprotein iib/iiia inhibitors in the treatment of acute coronary syndromes,Glycoprotein IIb/IIIa inhibitors in the treatment of acute coronary syndromes,26 September 2000,,https://www.nice.org.uk/guidance/ta12
48,guidance on home compared with hospital haemodialysis,Guidance on home compared with hospital haemodialysis for patients with end-stage renal failure,26 September 2002,,https://www.nice.org.uk/guidance/ta48
1,guidance on the extraction of wisdom teeth,Guidance on the extraction of wisdom teeth,27 March 2000,,https://www.nice.org.uk/guidance/ta1
2,guidance on the selection of prostheses,Guidance on the Selection of Prostheses for Primary Total Hip Replacement,26 April 2000,,https://www.nice.org.uk/guidance/ta2
61,guidance on the use of capecitabine,Guidance on the use of capecitabine and tegafur with uracil for metastatic colorectal cancer,27 May 2003,,https://www.nice.org.uk/guidance/ta61
62,guidance on the use of capecitabine,Guidance on the use of capecitabine for the treatment of locally advanced or metastatic breast cancer,28 May 2003,,https://www.nice.org.uk/guidance/ta62
71,guidance on the use of coronary artery stents,Guidance on the use of coronary artery stents,22 October 2003,,https://www.nice.org.uk/guidance/ta71
52,guidance on the use of drugs,Guidance on the use of drugs for early thrombolysis in the treatment of acute myocardial infarction,30 October 2002,,https://www.nice.org.uk/guidance/ta52
59,guidance on the use of electroconvulsive therapy,Guidance on the use of electroconvulsive therapy,26 April 2003,,https://www.nice.org.uk/guidance/ta59
29,guidance on the use of fludarabine,Guidance on the use of fludarabine for B-cell chronic lymphocytic leukaemia,26 September 2001,,https://www.nice.org.uk/guidance/ta29
47,guidance on the use of glycoprotein iib/iiia inhibitors in the treatment of acute coronary syndromes,Guidance on the use of glycoprotein IIb/IIIa inhibitors in the treatment of acute coronary syndromes,05 September 2002,,https://www.nice.org.uk/guidance/ta47
10,guidance on the use of inhaler systems (devices) in children under the age of 5 years with chronic asthma,Guidance on the use of inhaler systems (devices) in children under the age of 5 years with chronic asthma,23 August 2000,,https://www.nice.org.uk/guidance/ta10
69,guidance on the use of liquid-based cytology,Guidance on the use of liquid-based cytology for cervical screening,22 October 2003,,https://www.nice.org.uk/guidance/ta69
44,guidance on the use of metal on metal hip resurfacing arthroplasty,Guidance on the use of metal on metal hip resurfacing arthroplasty,26 June 2002,,https://www.nice.org.uk/guidance/ta44
60,guidance on the use of patient-education models,Guidance on the use of patient-education models for diabetes,26 April 2003,,https://www.nice.org.uk/guidance/ta60
68,guidance on the use of photodynamic therapy,Guidance on the use of photodynamic therapy for age-related macular degeneration,24 September 2003,,https://www.nice.org.uk/guidance/ta68
23,guidance on the use of temozolomide,Guidance on the use of temozolomide for the treatment of recurrent malignant glioma (brain cancer),26 April 2001,,https://www.nice.org.uk/guidance/ta23
49,guidance on the use of ultrasound locating devices,Guidance on the use of ultrasound locating devices for placing central venous catheters,04 October 2002,,https://www.nice.org.uk/guidance/ta49
54,guidance on the use of vinorelbine,Guidance on the use of vinorelbine for the treatment of advanced breast cancer,13 December 2002,,https://www.nice.org.uk/guidance/ta54
77,"guidance on the use of zaleplon, zolpidem","Guidance on the use of zaleplon, zolpidem and zopiclone for the short-term management of insomnia",28 April 2004,,https://www.nice.org.uk/guidance/ta77
92,healozone,HealOzone for the treatment of tooth decay (occlusal pit and fissure caries and root caries),27 July 2005,,https://www.nice.org.uk/guidance/ta92
8,hearing disability - hearing aids,Hearing disability - hearing aids,23 July 2000,,https://www.nice.org.uk/guidance/ta8
467,holoclar,Holoclar for treating limbal stem cell deficiency after eye burns,16 August 2017,,https://www.nice.org.uk/guidance/ta467
112,hormonal therapies,Hormonal therapies for the adjuvant treatment of early oestrogen-receptor-positive breast cancer,22 November 2006,,https://www.nice.org.uk/guidance/ta112
965,human alpha1-proteinase inhibitor,Human alpha1-proteinase inhibitor for treating emphysema (terminated appraisal),28 March 2024,,https://www.nice.org.uk/guidance/ta965
42,human growth hormone,Human growth hormone for the treatment growth failure in children,27 May 2002,,https://www.nice.org.uk/guidance/ta42
943,hybrid closed loop systems,Hybrid closed loop systems for managing blood glucose levels in type 1 diabetes,19 December 2023,,https://www.nice.org.uk/guidance/ta943
936,idecabtagene vicleucel,Idecabtagene vicleucel for treating relapsed and refractory multiple myeloma after 3 or more treatments (terminated appraisal),30 November 2023,,https://www.nice.org.uk/guidance/ta936
50,imanitib,Imanitib for chronic myeloid leukaemia,16 October 2002,,https://www.nice.org.uk/guidance/ta50
809,imlifidase,Imlifidase for desensitisation treatment before kidney transplant in people with chronic kidney disease,20 July 2022,,https://www.nice.org.uk/guidance/ta809
85,immunosuppressive therapy,Immunosuppressive therapy for renal transplantation in adults,22 September 2004,,https://www.nice.org.uk/guidance/ta85
99,immunosuppressive therapy,Immunosuppressive therapy for renal transplantation in children and adolescents,26 April 2006,,https://www.nice.org.uk/guidance/ta99
481,immunosuppressive therapy,Immunosuppressive therapy for kidney transplant in adults,11 October 2017,,https://www.nice.org.uk/guidance/ta481
482,immunosuppressive therapy,Immunosuppressive therapy for kidney transplant in children and young people,11 October 2017,,https://www.nice.org.uk/guidance/ta482
95,implantable cardioverter defibrillators,Implantable cardioverter defibrillators for arrhythmias,25 January 2006,,https://www.nice.org.uk/guidance/ta95
314,implantable cardioverter defibrillators,Implantable cardioverter defibrillators and cardiac resynchronisation therapy for arrhythmias and heart failure,25 June 2014,,https://www.nice.org.uk/guidance/ta314
11,implantable cardioverter defibrillators (icds),Implantable cardioverter defibrillators (ICDs) for the treatment of arrhythmias,26 September 2000,,https://www.nice.org.uk/guidance/ta11
131,inhaled corticosteroids,Inhaled corticosteroids for the treatment of chronic asthma in children under the age of 12 years,28 November 2007,,https://www.nice.org.uk/guidance/ta131
138,inhaled corticosteroids,Inhaled corticosteroids for the treatment of chronic asthma in adults and in children aged 12 years and over,26 March 2008,,https://www.nice.org.uk/guidance/ta138
38,inhaler devices,Inhaler devices for routine treatment of chronic asthma in older children (aged 5 to 15 years),27 March 2002,,https://www.nice.org.uk/guidance/ta38
75,interferon alfa (pegylated,Interferon alfa (pegylated and non-pegylated) and ribavirin for the treatment of chronic hepatitis C,28 January 2004,,https://www.nice.org.uk/guidance/ta75
501,intrabeam radiotherapy system,Intrabeam radiotherapy system for adjuvant treatment of early breast cancer,31 January 2018,,https://www.nice.org.uk/guidance/ta501
4,ischaemic heart disease - coronary artery stents,Ischaemic heart disease - coronary artery stents,27 May 2000,,https://www.nice.org.uk/guidance/ta4
17,laparoscopic surgery,Laparoscopic surgery for colorectal cancer,16 December 2000,,https://www.nice.org.uk/guidance/ta17
18,laparoscopic surgery,Laparoscopic surgery for hernia,23 January 2001,,https://www.nice.org.uk/guidance/ta18
83,laparoscopic surgery,Laparoscopic surgery for inguinal hernia repair,22 September 2004,,https://www.nice.org.uk/guidance/ta83
105,laparoscopic surgery,Laparoscopic surgery for colorectal cancer,23 August 2006,,https://www.nice.org.uk/guidance/ta105
506,lesinurad,Lesinurad for treating chronic hyperuricaemia in people with gout,07 February 2018,,https://www.nice.org.uk/guidance/ta506
552,liposomal cytarabine–daunorubicin,Liposomal cytarabine–daunorubicin for untreated acute myeloid leukaemia,19 December 2018,,https://www.nice.org.uk/guidance/ta552
5,liquid-based cytology,Liquid-based cytology for cervical screening,26 June 2000,,https://www.nice.org.uk/guidance/ta5
947,loncastuximab tesirine,Loncastuximab tesirine for treating relapsed or refractory diffuse large B-cell lymphoma and high-grade B-cell lymphoma after 2 or more systemic treatments,31 January 2024,,https://www.nice.org.uk/guidance/ta947
286,loxapine inhalation,Loxapine inhalation for treating acute agitation and disturbed behaviours associated with schizophrenia and bipolar disorder (terminated appraisal),22 May 2013,,https://www.nice.org.uk/guidance/ta286
318,lubiprostone,Lubiprostone for treating chronic idiopathic constipation,23 July 2014,,https://www.nice.org.uk/guidance/ta318
843,luspatercept,Luspatercept for treating anaemia caused by beta-thalassaemia (terminated appraisal),24 November 2022,,https://www.nice.org.uk/guidance/ta843
844,luspatercept,Luspatercept for treating anaemia caused by myelodysplastic syndromes (terminated appraisal),24 November 2022,,https://www.nice.org.uk/guidance/ta844
617,lusutrombopag,Lusutrombopag for treating thrombocytopenia in people with chronic liver disease needing a planned invasive procedure,08 January 2020,,https://www.nice.org.uk/guidance/ta617
539,lutetium (177lu) oxodotreotide,Lutetium (177Lu) oxodotreotide for treating unresectable or metastatic neuroendocrine tumours,29 August 2018,,https://www.nice.org.uk/guidance/ta539
930,lutetium-177 vipivotide tetraxetan,Lutetium-177 vipivotide tetraxetan for treating PSMA-positive hormone-relapsed metastatic prostate cancer after 2 or more treatments,15 November 2023,,https://www.nice.org.uk/guidance/ta930
165,machine perfusion systems,Machine perfusion systems and cold static storage of kidneys from deceased donors,28 January 2009,,https://www.nice.org.uk/guidance/ta165
822,melphalan,Melphalan for haematological diseases before allogeneic haematopoietic stem cell transplant (terminated appraisal),14 September 2022,,https://www.nice.org.uk/guidance/ta822
277,methylnaltrexone,Methylnaltrexone for treating opioid-induced bowel dysfunction in people with advanced illness receiving palliative care (terminated appraisal),27 March 2013,,https://www.nice.org.uk/guidance/ta277
468,methylnaltrexone bromide,Methylnaltrexone bromide for treating opioid-induced constipation (terminated appraisal),23 August 2017,,https://www.nice.org.uk/guidance/ta468
748,mexiletine,Mexiletine for treating the symptoms of myotonia in non-dystrophic myotonic disorders,01 December 2021,,https://www.nice.org.uk/guidance/ta748
235,mifamurtide,Mifamurtide for the treatment of osteosarcoma,26 October 2011,,https://www.nice.org.uk/guidance/ta235
290,mirabegron,Mirabegron for treating symptoms of overactive bladder,26 June 2013,,https://www.nice.org.uk/guidance/ta290
867,mitapivat,Mitapivat for treating pyruvate kinase deficiency (terminated appraisal),16 February 2023,,https://www.nice.org.uk/guidance/ta867
892,mosunetuzumab,Mosunetuzumab for treating relapsed or refractory follicular lymphoma,31 May 2023,,https://www.nice.org.uk/guidance/ta892
73,myocardial perfusion scintigraphy,Myocardial perfusion scintigraphy for the diagnosis and management of angina and myocardial infarction,26 November 2003,,https://www.nice.org.uk/guidance/ta73
651,naldemedine,Naldemedine for treating opioid-induced constipation,30 September 2020,,https://www.nice.org.uk/guidance/ta651
345,naloxegol,Naloxegol for treating opioid‑induced constipation,22 July 2015,,https://www.nice.org.uk/guidance/ta345
115,naltrexone,Naltrexone for the management of opioid dependence,24 January 2007,,https://www.nice.org.uk/guidance/ta115
494,naltrexone–bupropion,Naltrexone–bupropion for managing overweight and obesity,12 December 2017,,https://www.nice.org.uk/guidance/ta494
745,nbtxr-3,NBTXR-3 for treating advanced soft tissue sarcoma (terminated appraisal),10 November 2021,,https://www.nice.org.uk/guidance/ta745
411,necitumumab,Necitumumab for untreated advanced or metastatic squamous non-small-cell lung cancer,28 September 2016,,https://www.nice.org.uk/guidance/ta411
76,newer drugs,Newer drugs for epilepsy in adults,24 March 2004,,https://www.nice.org.uk/guidance/ta76
79,newer drugs,Newer drugs for epilepsy in children,28 April 2004,,https://www.nice.org.uk/guidance/ta79
878,nirmatrelvir plus ritonavir,Nirmatrelvir plus ritonavir and tocilizumab for treating COVID-19,29 March 2023,Recommended,https://www.nice.org.uk/guidance/ta878
465,olaratumab in combination with doxorubicin,Olaratumab in combination with doxorubicin for treating advanced soft tissue sarcoma,09 August 2017,,https://www.nice.org.uk/guidance/ta465
365,ombitasvir–paritaprevir–ritonavir with or without dasabuvir,Ombitasvir–paritaprevir–ritonavir with or without dasabuvir for treating chronic hepatitis C,25 November 2015,,https://www.nice.org.uk/guidance/ta365
22,orlistat,Orlistat for the treatment of obesity in adults,27 March 2001,,https://www.nice.org.uk/guidance/ta22
158,"oseltamivir, amantadine (review)","Oseltamivir, amantadine (review) and zanamivir for the prophylaxis of influenza",24 September 2008,,https://www.nice.org.uk/guidance/ta158
3,ovarian cancer - taxanes,Ovarian cancer - taxanes,27 May 2000,,https://www.nice.org.uk/guidance/ta3
546,padeliporfin,Padeliporfin for untreated localised prostate cancer,21 November 2018,,https://www.nice.org.uk/guidance/ta546
769,palforzia,Palforzia for treating peanut allergy in children and young people,02 February 2022,,https://www.nice.org.uk/guidance/ta769
380,panobinostat,Panobinostat for treating multiple myeloma after at least 2 previous treatments,27 January 2016,,https://www.nice.org.uk/guidance/ta380
102,parent-training/education programmes in the management of children with conduct disorders,Parent-training/education programmes in the management of children with conduct disorders,26 July 2006,,https://www.nice.org.uk/guidance/ta102
408,pegaspargase,Pegaspargase for treating acute lymphoblastic leukaemia,28 September 2016,,https://www.nice.org.uk/guidance/ta408
291,pegloticase,Pegloticase for treating severe debilitating chronic tophaceous gout,26 June 2013,,https://www.nice.org.uk/guidance/ta291
722,pemigatinib,Pemigatinib for treating relapsed or refractory advanced cholangiocarcinoma with FGFR2 fusion or rearrangement,25 August 2021,,https://www.nice.org.uk/guidance/ta722
610,pentosan polysulfate sodium,Pentosan polysulfate sodium for treating bladder pain syndrome,13 November 2019,,https://www.nice.org.uk/guidance/ta610
279,percutaneous vertebroplasty,Percutaneous vertebroplasty and percutaneous balloon kyphoplasty for treating osteoporotic vertebral compression fractures,24 April 2013,,https://www.nice.org.uk/guidance/ta279
246,pharmalgen,Pharmalgen for the treatment of bee and wasp venom allergy,22 February 2012,,https://www.nice.org.uk/guidance/ta246
776,pitolisant hydrochloride,Pitolisant hydrochloride for treating excessive daytime sleepiness caused by obstructive sleep apnoea,09 March 2022,,https://www.nice.org.uk/guidance/ta776
306,pixantrone monotherapy,Pixantrone monotherapy for treating multiply relapsed or refractory aggressive non-Hodgkin's B‑cell lymphoma,26 February 2014,,https://www.nice.org.uk/guidance/ta306
767,ponesimod,Ponesimod for treating relapsing–remitting multiple sclerosis,02 February 2022,,https://www.nice.org.uk/guidance/ta767
812,pralsetinib,Pralsetinib for treating RET fusion-positive advanced non-small-cell lung cancer,03 August 2022,,https://www.nice.org.uk/guidance/ta812
74,pre-hospital initiation of fluid replacement therapy in trauma,Pre-hospital initiation of fluid replacement therapy in trauma,28 January 2004,,https://www.nice.org.uk/guidance/ta74
211,prucalopride,Prucalopride for the treatment of chronic constipation in women,15 December 2010,,https://www.nice.org.uk/guidance/ta211
160,raloxifene,Raloxifene for the primary prevention of osteoporotic fragility fractures in postmenopausal women,27 October 2008,,https://www.nice.org.uk/guidance/ta160
161,raloxifene,Raloxifene and teriparatide for the secondary prevention of osteoporotic fragility fractures in postmenopausal women,27 October 2008,,https://www.nice.org.uk/guidance/ta161
625,recombinant human parathyroid hormone,Recombinant human parathyroid hormone for treating hypoparathyroidism (terminated appraisal),04 March 2020,,https://www.nice.org.uk/guidance/ta625
479,reslizumab,Reslizumab for treating severe eosinophilic asthma,04 October 2017,,https://www.nice.org.uk/guidance/ta479
232,retigabine,Retigabine for the adjunctive treatment of partial onset seizures in epilepsy,27 July 2011,,https://www.nice.org.uk/guidance/ta232
144,rimonabant,Rimonabant for the treatment of overweight and obese adults,23 June 2008,,https://www.nice.org.uk/guidance/ta144
958,ritlecitinib,Ritlecitinib for treating severe alopecia areata in people 12 years and over,27 March 2024,,https://www.nice.org.uk/guidance/ta958
244,roflumilast,Roflumilast for the management of severe chronic obstructive pulmonary disease,25 January 2012,,https://www.nice.org.uk/guidance/ta244
461,roflumilast,Roflumilast for treating chronic obstructive pulmonary disease,26 July 2017,,https://www.nice.org.uk/guidance/ta461
156,routine antenatal anti-d prophylaxis,Routine antenatal anti-D prophylaxis for women who are rhesus D negative,27 August 2008,,https://www.nice.org.uk/guidance/ta156
807,roxadustat,Roxadustat for treating symptomatic anaemia in chronic kidney disease,13 July 2022,,https://www.nice.org.uk/guidance/ta807
611,rucaparib,"Rucaparib for maintenance treatment of relapsed platinum-sensitive ovarian, fallopian tube or peritoneal cancer",13 November 2019,,https://www.nice.org.uk/guidance/ta611
960,satralizumab,Satralizumab for preventing relapses in neuromyelitis optica spectrum disorders (terminated appraisal),27 March 2024,,https://www.nice.org.uk/guidance/ta960
688,selective internal radiation therapies,Selective internal radiation therapies for treating hepatocellular carcinoma,31 March 2021,,https://www.nice.org.uk/guidance/ta688
332,sipuleucel-t,Sipuleucel-T for treating asymptomatic or minimally symptomatic metastatic hormone-relapsed prostate cancer,23 February 2015,,https://www.nice.org.uk/guidance/ta332
838,slow-release potassium bicarbonate–potassium citrate,Slow-release potassium bicarbonate–potassium citrate for treating distal renal tubular acidosis (terminated appraisal),02 November 2022,,https://www.nice.org.uk/guidance/ta838
758,solriamfetol,Solriamfetol for treating excessive daytime sleepiness caused by narcolepsy,05 January 2022,,https://www.nice.org.uk/guidance/ta758
777,solriamfetol,Solriamfetol for treating excessive daytime sleepiness caused by obstructive sleep apnoea,09 March 2022,,https://www.nice.org.uk/guidance/ta777
159,spinal cord stimulation,Spinal cord stimulation for chronic pain of neuropathic or ischaemic origin,22 October 2008,,https://www.nice.org.uk/guidance/ta159
834,sq hdm slit,SQ HDM SLIT for treating allergic rhinitis and allergic asthma caused by house dust mites (terminated appraisal),12 October 2022,,https://www.nice.org.uk/guidance/ta834
128,stapled haemorrhoidopexy,Stapled haemorrhoidopexy for the treatment of haemorrhoids,26 September 2007,,https://www.nice.org.uk/guidance/ta128
94,statins,Statins for the prevention of cardiovascular events,25 January 2006,,https://www.nice.org.uk/guidance/ta94
136,structural neuroimaging in first-episode psychosis,Structural neuroimaging in first-episode psychosis,27 February 2008,,https://www.nice.org.uk/guidance/ta136
923,tabelecleucel,Tabelecleucel for treating post-transplant lymphoproliferative disorder caused by the Epstein-Barr virus (terminated appraisal),19 October 2023,,https://www.nice.org.uk/guidance/ta923
6,taxanes,Taxanes for the treatment of breast cancer,26 June 2000,,https://www.nice.org.uk/guidance/ta6
30,taxanes,Taxanes for the treatment of breast cancer,26 September 2001,,https://www.nice.org.uk/guidance/ta30
869,teclistamab,Teclistamab for treating relapsed or refractory multiple myeloma after 3 or more therapies (terminated appraisal),16 February 2023,,https://www.nice.org.uk/guidance/ta869
252,telaprevir,Telaprevir for the treatment of genotype 1 chronic hepatitis C,25 April 2012,,https://www.nice.org.uk/guidance/ta252
154,telbivudine,Telbivudine for the treatment of chronic hepatitis B,27 August 2008,,https://www.nice.org.uk/guidance/ta154
207,temsirolimus,Temsirolimus for the treatment of relapsed or refractory mantle cell lymphoma (terminated appraisal),27 October 2010,,https://www.nice.org.uk/guidance/ta207
7,the clinical,The clinical and cost effectiveness of proton pump inhibitors for the treatment of dyspepsia,23 July 2000,,https://www.nice.org.uk/guidance/ta7
14,the clinical,The clinical and cost effectiveness of pegylated interferon alpha 2a and alpha 2b for hepatitis C,28 October 2000,,https://www.nice.org.uk/guidance/ta14
31,the clinical effectiveness,The clinical effectiveness and cost effectiveness of sibutramine for obesity,28 October 2001,,https://www.nice.org.uk/guidance/ta31
33,the clinical effectiveness,"The clinical effectiveness and cost effectiveness of irinotecan, oxaliplatin and raltitrexed for colorectal cancer",27 March 2002,,https://www.nice.org.uk/guidance/ta33
36,the clinical effectiveness,The clinical effectiveness and cost effectiveness of etanercept and infliximab for rheumatoid arthritis and juvenile poly-articular idiopathic arthritis,27 March 2002,,https://www.nice.org.uk/guidance/ta36
37,the clinical effectiveness,The clinical effectiveness and cost effectiveness of rituximab for follicular lymphoma,27 March 2002,,https://www.nice.org.uk/guidance/ta37
39,the clinical effectiveness,The clinical effectiveness and cost effectiveness of bupropion (Zyban) and Nicotine Replacement Therapy for smoking cessation,27 March 2002,,https://www.nice.org.uk/guidance/ta39
40,the clinical effectiveness,The clinical effectiveness and cost effectiveness of infliximab for Crohn's disease,26 April 2002,,https://www.nice.org.uk/guidance/ta40
41,the clinical effectiveness,The clinical effectiveness and cost effectiveness of routine anti-D prophylaxis for RhD-negative women in pregnancy,27 May 2002,,https://www.nice.org.uk/guidance/ta41
43,the clinical effectiveness,The clinical effectiveness and cost effectiveness of newer atypical antipsychotic drugs for schizophrenia,26 June 2002,,https://www.nice.org.uk/guidance/ta43
46,the clinical effectiveness,The clinical effectiveness and cost effectiveness of surgery for people with morbid obesity,19 July 2002,,https://www.nice.org.uk/guidance/ta46
56,the clinical effectiveness,The clinical effectiveness and cost effectiveness of tension-free vaginal tape for stress incontinence,26 February 2003,,https://www.nice.org.uk/guidance/ta56
57,the clinical effectiveness,The clinical effectiveness and cost effectiveness of insulin pump therapy,26 February 2003,,https://www.nice.org.uk/guidance/ta57
66,the clinical effectiveness,The clinical effectiveness and cost effectiveness of new drugs for bipolar disorder,24 September 2003,,https://www.nice.org.uk/guidance/ta66
67,the clinical effectiveness,The clinical effectiveness and cost effectiveness of amantadine and oseltamivir for the prophylaxis of influenza,24 September 2003,,https://www.nice.org.uk/guidance/ta67
72,the clinical effectiveness,The clinical effectiveness and cost effectiveness of anakinra for rheumatoid arthritis,26 November 2003,,https://www.nice.org.uk/guidance/ta72
87,the clinical effectiveness,The clinical effectiveness and cost effectiveness of technologies for the secondary prevention of osteoporotic fractures in postmenopausal women,26 January 2005,,https://www.nice.org.uk/guidance/ta87
89,the use of autologous chondrocyte implantation,The use of autologous chondrocyte implantation for the treatment of cartilage defects in the knee joints,25 May 2005,,https://www.nice.org.uk/guidance/ta89
554,tisagenlecleucel,Tisagenlecleucel for treating relapsed or refractory B-cell acute lymphoblastic leukaemia in people aged up to 25 years,21 December 2018,,https://www.nice.org.uk/guidance/ta554
567,tisagenlecleucel,Tisagenlecleucel for treating relapsed or refractory diffuse large B-cell lymphoma after 2 or more systemic therapies,13 March 2019,,https://www.nice.org.uk/guidance/ta567
842,tisagenlecleucel,Tisagenlecleucel for treating follicular lymphoma after 2 or more therapies (terminated appraisal),22 November 2022,,https://www.nice.org.uk/guidance/ta842
933,tisagenlecleucel,Tisagenlecleucel for treating relapsed or refractory diffuse large B-cell lymphoma after 2 or more systemic therapies (terminated appraisal),29 November 2023,,https://www.nice.org.uk/guidance/ta933
512,tivozanib,Tivozanib for treating advanced renal cell carcinoma,21 March 2018,,https://www.nice.org.uk/guidance/ta512
900,tixagevimab plus cilgavimab,Tixagevimab plus cilgavimab for preventing COVID-19,14 June 2023,,https://www.nice.org.uk/guidance/ta900
383,tnf-alpha inhibitors,TNF-alpha inhibitors for treating active ankylosing spondylitis and non-radiographic axial spondyloarthritis,01 February 2016,,https://www.nice.org.uk/guidance/ta383
304,total hip replacement,Total hip replacement and resurfacing arthroplasty for end-stage arthritis of the hip,26 February 2014,,https://www.nice.org.uk/guidance/ta304
640,treosulfan with fludarabine,Treosulfan with fludarabine for malignant disease before allogeneic stem cell transplant,05 August 2020,,https://www.nice.org.uk/guidance/ta640
945,treosulfan with fludarabine before allogeneic stem cell transplant,Treosulfan with fludarabine before allogeneic stem cell transplant for people aged 1 month to 17 years with non-malignant diseases (terminated appraisal),30 January 2024,,https://www.nice.org.uk/guidance/ta945
405,trifluridine–tipiracil,Trifluridine–tipiracil for previously treated metastatic colorectal cancer,24 August 2016,,https://www.nice.org.uk/guidance/ta405
669,trifluridine–tipiracil,Trifluridine–tipiracil for treating metastatic gastric cancer or gastro-oesophageal junction adenocarcinoma after 2 or more therapies,27 January 2021,,https://www.nice.org.uk/guidance/ta669
852,trifluridine–tipiracil,Trifluridine–tipiracil for treating metastatic gastric cancer or gastro-oesophageal junction adenocarcinoma after 2 or more treatments,14 December 2022,,https://www.nice.org.uk/guidance/ta852
790,tyrx absorbable antibacterial envelope,TYRX Absorbable Antibacterial Envelope for preventing infection from cardiac implantable electronic devices (terminated appraisal),25 May 2022,,https://www.nice.org.uk/guidance/ta790
550,vandetanib,Vandetanib for treating medullary thyroid cancer,12 December 2018,,https://www.nice.org.uk/guidance/ta550
675,vernakalant,Vernakalant for the rapid conversion of recent onset atrial fibrillation to sinus rhythm (terminated appraisal),17 February 2021,,https://www.nice.org.uk/guidance/ta675
882,voclosporin with mycophenolate mofetil,Voclosporin with mycophenolate mofetil for treating lupus nephritis,03 May 2023,,https://www.nice.org.uk/guidance/ta882
24,wound care - debriding agents,Wound care - debriding agents,27 April 2001,,https://www.nice.org.uk/guidance/ta24
15,zanamivir,Zanamivir for the treatment of influenza in adults,27 November 2000,,https://www.nice.org.uk/guidance/ta15
